{"name": "JC", "height": 71, "weight": 210.0, "gender": "Male", "birthday": "01/01/2000", "goal_weight": 195.0, "activity_level": 1.45, "goal_days": 91, "height_cm": 180.34, "weight_kg": 95.13000000000001, "bmi": 29.28585598095616, "age": 23, "bmr": 2121.5285200000003, "maintenance_cal": 3076.216354, "cal_plan": 2500}